user_id,started_at,ended_at,memo
1,2017-09-01 08:40:39,2017-09-01 17:51:03,今日も楽しかったです
1,2017-09-02 08:43:00,2017-09-02 17:03:52,今日も楽しかったです
1,2017-09-03 08:55:01,2017-09-03 18:00:16,今日も楽しかったです
1,2017-09-04 08:44:19,2017-09-04 17:36:23,今日も楽しかったです
1,2017-09-05 08:53:40,2017-09-05 17:07:54,今日も楽しかったです
1,2017-09-08 08:32:38,2017-09-08 18:48:15,今日も楽しかったです
1,2017-09-09 08:53:06,2017-09-09 18:38:32,今日も楽しかったです
1,2017-09-10 08:56:23,2017-09-10 17:05:27,今日も楽しかったです
1,2017-09-11 08:30:35,2017-09-11 17:17:10,今日も楽しかったです
1,2017-09-12 08:35:43,2017-09-12 17:49:53,今日も楽しかったです
1,2017-09-15 08:51:12,2017-09-15 18:07:17,今日も楽しかったです
1,2017-09-16 08:46:34,2017-09-16 18:52:03,今日も楽しかったです
1,2017-09-17 08:30:32,2017-09-17 18:19:12,今日も楽しかったです
1,2017-09-18 08:45:51,2017-09-18 18:43:54,今日も楽しかったです
1,2017-09-19 08:54:03,2017-09-19 18:10:45,今日も楽しかったです
1,2017-09-22 08:55:32,2017-09-22 18:26:21,今日も楽しかったです
1,2017-09-23 08:38:17,2017-09-23 17:11:00,今日も楽しかったです
1,2017-09-24 08:44:10,2017-09-24 18:16:29,今日も楽しかったです
1,2017-09-25 08:35:18,2017-09-25 18:59:04,今日も楽しかったです
1,2017-09-26 08:41:44,2017-09-26 17:03:05,今日も楽しかったです
1,2017-09-29 08:47:29,2017-09-29 17:46:53,今日も楽しかったです
1,2017-09-30 08:57:36,2017-09-30 18:56:25,今日も楽しかったです
1,2017-10-01 08:48:04,2017-10-01 17:42:58,今日も楽しかったです
1,2017-10-02 08:39:18,2017-10-02 18:10:18,今日も楽しかったです
1,2017-10-03 08:30:31,2017-10-03 18:38:35,今日も楽しかったです
1,2017-10-06 08:46:33,2017-10-06 18:38:45,今日も楽しかったです
1,2017-10-07 08:59:44,2017-10-07 17:54:07,今日も楽しかったです
1,2017-10-08 08:44:15,2017-10-08 17:49:15,今日も楽しかったです
1,2017-10-09 08:57:34,2017-10-09 18:34:15,今日も楽しかったです
1,2017-10-10 08:36:46,2017-10-10 18:06:27,今日も楽しかったです
1,2017-10-13 08:47:37,2017-10-13 18:05:12,今日も楽しかったです
1,2017-10-14 08:47:30,2017-10-14 18:27:11,今日も楽しかったです
1,2017-10-15 08:54:46,2017-10-15 17:05:30,今日も楽しかったです
1,2017-10-16 08:47:22,2017-10-16 17:47:17,今日も楽しかったです
1,2017-10-17 08:59:21,2017-10-17 18:53:38,今日も楽しかったです
1,2017-10-20 08:40:15,2017-10-20 18:34:54,今日も楽しかったです
1,2017-10-21 08:49:27,2017-10-21 17:01:43,今日も楽しかったです
1,2017-10-22 08:34:21,2017-10-22 18:52:26,今日も楽しかったです
1,2017-10-23 08:39:06,2017-10-23 18:03:47,今日も楽しかったです
1,2017-10-24 08:34:59,2017-10-24 18:50:37,今日も楽しかったです
1,2017-10-27 08:47:23,2017-10-27 17:00:52,今日も楽しかったです
1,2017-10-28 08:46:54,2017-10-28 17:13:30,今日も楽しかったです
1,2017-10-29 08:38:52,2017-10-29 17:31:14,今日も楽しかったです
1,2017-10-30 08:32:57,2017-10-30 17:41:50,今日も楽しかったです
1,2017-10-31 08:44:35,2017-10-31 18:16:01,今日も楽しかったです
1,2017-11-03 08:50:27,2017-11-03 17:44:51,今日も楽しかったです
1,2017-11-04 08:30:56,2017-11-04 17:03:48,今日も楽しかったです
1,2017-11-05 08:56:15,2017-11-05 18:27:15,今日も楽しかったです
1,2017-11-06 08:53:50,2017-11-06 18:26:50,今日も楽しかったです
1,2017-11-07 08:49:17,2017-11-07 17:07:46,今日も楽しかったです
2,2017-09-01 08:45:30,2017-09-01 17:43:14,今日も楽しかったです
2,2017-09-02 08:40:15,2017-09-02 17:49:58,今日も楽しかったです
2,2017-09-03 08:33:43,2017-09-03 17:55:05,今日も楽しかったです
2,2017-09-04 08:37:14,2017-09-04 17:23:19,今日も楽しかったです
2,2017-09-05 08:44:43,2017-09-05 18:22:03,今日も楽しかったです
2,2017-09-08 08:49:47,2017-09-08 18:44:03,今日も楽しかったです
2,2017-09-09 08:35:05,2017-09-09 18:13:38,今日も楽しかったです
2,2017-09-10 08:34:17,2017-09-10 17:10:30,今日も楽しかったです
2,2017-09-11 08:32:11,2017-09-11 17:39:24,今日も楽しかったです
2,2017-09-12 08:59:32,2017-09-12 18:26:07,今日も楽しかったです
2,2017-09-15 08:47:31,2017-09-15 17:08:04,今日も楽しかったです
2,2017-09-16 08:53:04,2017-09-16 18:16:38,今日も楽しかったです
2,2017-09-17 08:34:07,2017-09-17 17:50:33,今日も楽しかったです
2,2017-09-18 08:47:14,2017-09-18 17:53:29,今日も楽しかったです
2,2017-09-19 08:56:08,2017-09-19 18:59:57,今日も楽しかったです
2,2017-09-22 08:57:26,2017-09-22 17:16:18,今日も楽しかったです
2,2017-09-23 08:46:09,2017-09-23 17:34:01,今日も楽しかったです
2,2017-09-24 08:45:00,2017-09-24 18:20:47,今日も楽しかったです
2,2017-09-25 08:46:14,2017-09-25 17:51:13,今日も楽しかったです
2,2017-09-26 08:42:37,2017-09-26 18:46:00,今日も楽しかったです
2,2017-09-29 08:46:58,2017-09-29 17:10:27,今日も楽しかったです
2,2017-09-30 08:42:28,2017-09-30 17:56:44,今日も楽しかったです
2,2017-10-01 08:30:52,2017-10-01 18:58:49,今日も楽しかったです
2,2017-10-02 08:43:52,2017-10-02 17:11:00,今日も楽しかったです
2,2017-10-03 08:37:58,2017-10-03 18:37:43,今日も楽しかったです
2,2017-10-06 08:32:06,2017-10-06 17:32:43,今日も楽しかったです
2,2017-10-07 08:33:54,2017-10-07 17:18:50,今日も楽しかったです
2,2017-10-08 08:38:06,2017-10-08 18:30:59,今日も楽しかったです
2,2017-10-09 08:44:58,2017-10-09 18:36:20,今日も楽しかったです
2,2017-10-10 08:45:16,2017-10-10 17:24:53,今日も楽しかったです
2,2017-10-13 08:58:55,2017-10-13 17:29:07,今日も楽しかったです
2,2017-10-14 08:40:37,2017-10-14 18:01:41,今日も楽しかったです
2,2017-10-15 08:56:01,2017-10-15 17:49:24,今日も楽しかったです
2,2017-10-16 08:34:25,2017-10-16 17:01:38,今日も楽しかったです
2,2017-10-17 08:51:18,2017-10-17 18:50:02,今日も楽しかったです
2,2017-10-20 08:46:22,2017-10-20 18:18:33,今日も楽しかったです
2,2017-10-21 08:56:36,2017-10-21 18:11:13,今日も楽しかったです
2,2017-10-22 08:35:01,2017-10-22 18:38:02,今日も楽しかったです
2,2017-10-23 08:48:52,2017-10-23 17:12:14,今日も楽しかったです
2,2017-10-24 08:42:32,2017-10-24 18:39:45,今日も楽しかったです
2,2017-10-27 08:31:18,2017-10-27 17:49:01,今日も楽しかったです
2,2017-10-28 08:57:43,2017-10-28 17:48:52,今日も楽しかったです
2,2017-10-29 08:33:25,2017-10-29 17:50:44,今日も楽しかったです
2,2017-10-30 08:57:22,2017-10-30 17:14:58,今日も楽しかったです
2,2017-10-31 08:47:51,2017-10-31 18:31:46,今日も楽しかったです
2,2017-11-03 08:39:01,2017-11-03 18:42:23,今日も楽しかったです
2,2017-11-04 08:53:29,2017-11-04 18:14:35,今日も楽しかったです
2,2017-11-05 08:36:43,2017-11-05 17:56:45,今日も楽しかったです
2,2017-11-06 08:37:55,2017-11-06 18:50:30,今日も楽しかったです
2,2017-11-07 08:36:23,2017-11-07 18:05:53,今日も楽しかったです
3,2017-09-01 08:55:55,2017-09-01 18:11:17,今日も楽しかったです
3,2017-09-02 08:38:21,2017-09-02 18:20:58,今日も楽しかったです
3,2017-09-03 08:35:47,2017-09-03 18:04:08,今日も楽しかったです
3,2017-09-04 08:50:44,2017-09-04 17:05:22,今日も楽しかったです
3,2017-09-05 08:41:18,2017-09-05 18:55:16,今日も楽しかったです
3,2017-09-08 08:40:29,2017-09-08 17:53:29,今日も楽しかったです
3,2017-09-09 08:53:40,2017-09-09 17:35:20,今日も楽しかったです
3,2017-09-10 08:37:15,2017-09-10 17:30:50,今日も楽しかったです
3,2017-09-11 08:55:51,2017-09-11 17:39:27,今日も楽しかったです
3,2017-09-12 08:49:25,2017-09-12 17:29:26,今日も楽しかったです
3,2017-09-15 08:40:14,2017-09-15 17:50:13,今日も楽しかったです
3,2017-09-16 08:42:48,2017-09-16 18:48:38,今日も楽しかったです
3,2017-09-17 08:50:06,2017-09-17 18:19:22,今日も楽しかったです
3,2017-09-18 08:58:02,2017-09-18 18:41:48,今日も楽しかったです
3,2017-09-19 08:46:14,2017-09-19 18:06:34,今日も楽しかったです
3,2017-09-22 08:55:30,2017-09-22 17:33:10,今日も楽しかったです
3,2017-09-23 08:31:32,2017-09-23 17:48:51,今日も楽しかったです
3,2017-09-24 08:44:48,2017-09-24 18:46:26,今日も楽しかったです
3,2017-09-25 08:38:15,2017-09-25 18:44:23,今日も楽しかったです
3,2017-09-26 08:59:50,2017-09-26 18:19:03,今日も楽しかったです
3,2017-09-29 08:46:59,2017-09-29 17:36:39,今日も楽しかったです
3,2017-09-30 08:30:20,2017-09-30 18:39:33,今日も楽しかったです
3,2017-10-01 08:39:55,2017-10-01 17:43:15,今日も楽しかったです
3,2017-10-02 08:48:03,2017-10-02 17:06:02,今日も楽しかったです
3,2017-10-03 08:46:36,2017-10-03 17:03:02,今日も楽しかったです
3,2017-10-06 08:35:34,2017-10-06 17:15:06,今日も楽しかったです
3,2017-10-07 08:56:35,2017-10-07 18:20:41,今日も楽しかったです
3,2017-10-08 08:46:02,2017-10-08 18:57:45,今日も楽しかったです
3,2017-10-09 08:50:13,2017-10-09 17:05:48,今日も楽しかったです
3,2017-10-10 08:34:07,2017-10-10 17:58:19,今日も楽しかったです
3,2017-10-13 08:57:32,2017-10-13 18:55:26,今日も楽しかったです
3,2017-10-14 08:39:18,2017-10-14 18:06:48,今日も楽しかったです
3,2017-10-15 08:53:16,2017-10-15 17:54:46,今日も楽しかったです
3,2017-10-16 08:58:00,2017-10-16 18:02:19,今日も楽しかったです
3,2017-10-17 08:57:01,2017-10-17 18:10:30,今日も楽しかったです
3,2017-10-20 08:52:39,2017-10-20 17:07:01,今日も楽しかったです
3,2017-10-21 08:47:35,2017-10-21 18:04:02,今日も楽しかったです
3,2017-10-22 08:53:44,2017-10-22 17:24:23,今日も楽しかったです
3,2017-10-23 08:42:57,2017-10-23 18:19:27,今日も楽しかったです
3,2017-10-24 08:43:55,2017-10-24 18:25:28,今日も楽しかったです
3,2017-10-27 08:59:42,2017-10-27 17:41:06,今日も楽しかったです
3,2017-10-28 08:53:20,2017-10-28 18:48:42,今日も楽しかったです
3,2017-10-29 08:49:44,2017-10-29 18:30:44,今日も楽しかったです
3,2017-10-30 08:30:10,2017-10-30 17:55:14,今日も楽しかったです
3,2017-10-31 08:56:34,2017-10-31 18:22:17,今日も楽しかったです
3,2017-11-03 08:32:12,2017-11-03 18:52:22,今日も楽しかったです
3,2017-11-04 08:48:59,2017-11-04 17:33:55,今日も楽しかったです
3,2017-11-05 08:32:11,2017-11-05 18:41:05,今日も楽しかったです
3,2017-11-06 08:56:40,2017-11-06 17:13:31,今日も楽しかったです
3,2017-11-07 08:33:24,2017-11-07 18:41:12,今日も楽しかったです
4,2017-09-01 08:59:32,2017-09-01 17:42:20,今日も楽しかったです
4,2017-09-02 08:30:20,2017-09-02 17:39:43,今日も楽しかったです
4,2017-09-03 08:41:09,2017-09-03 18:45:43,今日も楽しかったです
4,2017-09-04 08:35:22,2017-09-04 18:52:07,今日も楽しかったです
4,2017-09-05 08:45:41,2017-09-05 17:16:01,今日も楽しかったです
4,2017-09-08 08:42:35,2017-09-08 18:26:04,今日も楽しかったです
4,2017-09-09 08:48:16,2017-09-09 17:04:00,今日も楽しかったです
4,2017-09-10 08:37:22,2017-09-10 18:28:58,今日も楽しかったです
4,2017-09-11 08:49:57,2017-09-11 18:59:27,今日も楽しかったです
4,2017-09-12 08:53:03,2017-09-12 17:47:39,今日も楽しかったです
4,2017-09-15 08:30:20,2017-09-15 18:59:56,今日も楽しかったです
4,2017-09-16 08:34:54,2017-09-16 17:48:17,今日も楽しかったです
4,2017-09-17 08:54:09,2017-09-17 18:58:17,今日も楽しかったです
4,2017-09-18 08:36:34,2017-09-18 18:18:34,今日も楽しかったです
4,2017-09-19 08:51:55,2017-09-19 17:46:09,今日も楽しかったです
4,2017-09-22 08:44:29,2017-09-22 17:21:56,今日も楽しかったです
4,2017-09-23 08:30:24,2017-09-23 17:48:58,今日も楽しかったです
4,2017-09-24 08:32:55,2017-09-24 17:34:50,今日も楽しかったです
4,2017-09-25 08:33:17,2017-09-25 18:42:21,今日も楽しかったです
4,2017-09-26 08:44:40,2017-09-26 18:13:07,今日も楽しかったです
4,2017-09-29 08:50:39,2017-09-29 18:05:58,今日も楽しかったです
4,2017-09-30 08:50:50,2017-09-30 17:22:49,今日も楽しかったです
4,2017-10-01 08:52:32,2017-10-01 17:32:04,今日も楽しかったです
4,2017-10-02 08:37:58,2017-10-02 18:52:39,今日も楽しかったです
4,2017-10-03 08:31:13,2017-10-03 18:40:24,今日も楽しかったです
4,2017-10-06 08:40:48,2017-10-06 18:22:31,今日も楽しかったです
4,2017-10-07 08:36:10,2017-10-07 17:59:19,今日も楽しかったです
4,2017-10-08 08:55:42,2017-10-08 18:52:07,今日も楽しかったです
4,2017-10-09 08:46:17,2017-10-09 18:54:38,今日も楽しかったです
4,2017-10-10 08:31:43,2017-10-10 18:37:21,今日も楽しかったです
4,2017-10-13 08:45:44,2017-10-13 18:04:30,今日も楽しかったです
4,2017-10-14 08:54:53,2017-10-14 17:20:45,今日も楽しかったです
4,2017-10-15 08:51:34,2017-10-15 18:26:36,今日も楽しかったです
4,2017-10-16 08:55:01,2017-10-16 18:32:09,今日も楽しかったです
4,2017-10-17 08:35:42,2017-10-17 18:48:33,今日も楽しかったです
4,2017-10-20 08:54:49,2017-10-20 17:42:34,今日も楽しかったです
4,2017-10-21 08:57:03,2017-10-21 18:28:35,今日も楽しかったです
4,2017-10-22 08:56:59,2017-10-22 17:31:15,今日も楽しかったです
4,2017-10-23 08:35:23,2017-10-23 17:44:41,今日も楽しかったです
4,2017-10-24 08:57:05,2017-10-24 17:40:40,今日も楽しかったです
4,2017-10-27 08:55:19,2017-10-27 17:14:28,今日も楽しかったです
4,2017-10-28 08:37:21,2017-10-28 17:58:07,今日も楽しかったです
4,2017-10-29 08:34:26,2017-10-29 18:07:03,今日も楽しかったです
4,2017-10-30 08:51:40,2017-10-30 18:45:15,今日も楽しかったです
4,2017-10-31 08:39:12,2017-10-31 18:39:22,今日も楽しかったです
4,2017-11-03 08:59:59,2017-11-03 18:48:26,今日も楽しかったです
4,2017-11-04 08:30:21,2017-11-04 18:55:21,今日も楽しかったです
4,2017-11-05 08:58:09,2017-11-05 17:32:12,今日も楽しかったです
4,2017-11-06 08:59:57,2017-11-06 17:46:31,今日も楽しかったです
4,2017-11-07 08:59:00,2017-11-07 17:18:22,今日も楽しかったです
5,2017-09-01 08:42:29,2017-09-01 17:44:37,今日も楽しかったです
5,2017-09-02 08:39:23,2017-09-02 17:48:56,今日も楽しかったです
5,2017-09-03 08:45:17,2017-09-03 17:05:00,今日も楽しかったです
5,2017-09-04 08:30:55,2017-09-04 18:19:40,今日も楽しかったです
5,2017-09-05 08:55:17,2017-09-05 18:39:33,今日も楽しかったです
5,2017-09-08 08:41:38,2017-09-08 18:54:03,今日も楽しかったです
5,2017-09-09 08:33:10,2017-09-09 18:12:47,今日も楽しかったです
5,2017-09-10 08:41:10,2017-09-10 18:43:12,今日も楽しかったです
5,2017-09-11 08:41:12,2017-09-11 18:02:35,今日も楽しかったです
5,2017-09-12 08:53:50,2017-09-12 18:07:56,今日も楽しかったです
5,2017-09-15 08:45:26,2017-09-15 18:09:35,今日も楽しかったです
5,2017-09-16 08:50:38,2017-09-16 17:02:57,今日も楽しかったです
5,2017-09-17 08:40:34,2017-09-17 17:34:38,今日も楽しかったです
5,2017-09-18 08:44:55,2017-09-18 18:00:22,今日も楽しかったです
5,2017-09-19 08:32:41,2017-09-19 17:33:04,今日も楽しかったです
5,2017-09-22 08:55:36,2017-09-22 17:21:49,今日も楽しかったです
5,2017-09-23 08:43:29,2017-09-23 18:18:15,今日も楽しかったです
5,2017-09-24 08:46:24,2017-09-24 18:52:37,今日も楽しかったです
5,2017-09-25 08:59:06,2017-09-25 17:03:25,今日も楽しかったです
5,2017-09-26 08:51:35,2017-09-26 18:11:24,今日も楽しかったです
5,2017-09-29 08:56:46,2017-09-29 18:01:52,今日も楽しかったです
5,2017-09-30 08:34:38,2017-09-30 18:40:09,今日も楽しかったです
5,2017-10-01 08:33:46,2017-10-01 18:29:49,今日も楽しかったです
5,2017-10-02 08:59:46,2017-10-02 18:26:56,今日も楽しかったです
5,2017-10-03 08:55:34,2017-10-03 18:54:43,今日も楽しかったです
5,2017-10-06 08:35:09,2017-10-06 17:32:53,今日も楽しかったです
5,2017-10-07 08:42:16,2017-10-07 17:43:32,今日も楽しかったです
5,2017-10-08 08:41:07,2017-10-08 18:29:32,今日も楽しかったです
5,2017-10-09 08:37:45,2017-10-09 18:31:32,今日も楽しかったです
5,2017-10-10 08:37:42,2017-10-10 17:59:48,今日も楽しかったです
5,2017-10-13 08:59:48,2017-10-13 18:51:28,今日も楽しかったです
5,2017-10-14 08:42:04,2017-10-14 18:57:21,今日も楽しかったです
5,2017-10-15 08:45:42,2017-10-15 18:16:09,今日も楽しかったです
5,2017-10-16 08:39:56,2017-10-16 17:14:31,今日も楽しかったです
5,2017-10-17 08:55:03,2017-10-17 17:54:44,今日も楽しかったです
5,2017-10-20 08:52:07,2017-10-20 18:37:12,今日も楽しかったです
5,2017-10-21 08:58:30,2017-10-21 17:23:25,今日も楽しかったです
5,2017-10-22 08:33:38,2017-10-22 17:28:30,今日も楽しかったです
5,2017-10-23 08:30:42,2017-10-23 18:26:07,今日も楽しかったです
5,2017-10-24 08:51:37,2017-10-24 18:58:33,今日も楽しかったです
5,2017-10-27 08:54:29,2017-10-27 17:28:30,今日も楽しかったです
5,2017-10-28 08:55:38,2017-10-28 17:48:44,今日も楽しかったです
5,2017-10-29 08:34:49,2017-10-29 18:11:04,今日も楽しかったです
5,2017-10-30 08:45:50,2017-10-30 17:41:38,今日も楽しかったです
5,2017-10-31 08:41:44,2017-10-31 18:42:47,今日も楽しかったです
5,2017-11-03 08:42:58,2017-11-03 18:26:36,今日も楽しかったです
5,2017-11-04 08:34:22,2017-11-04 18:25:51,今日も楽しかったです
5,2017-11-05 08:37:56,2017-11-05 17:41:09,今日も楽しかったです
5,2017-11-06 08:41:44,2017-11-06 17:45:46,今日も楽しかったです
5,2017-11-07 08:49:15,2017-11-07 17:54:28,今日も楽しかったです
6,2017-09-01 08:59:37,2017-09-01 17:57:50,今日も楽しかったです
6,2017-09-02 08:52:14,2017-09-02 18:57:30,今日も楽しかったです
6,2017-09-03 08:48:49,2017-09-03 17:31:52,今日も楽しかったです
6,2017-09-04 08:36:34,2017-09-04 18:57:01,今日も楽しかったです
6,2017-09-05 08:45:58,2017-09-05 18:21:20,今日も楽しかったです
6,2017-09-08 08:55:30,2017-09-08 18:57:20,今日も楽しかったです
6,2017-09-09 08:55:14,2017-09-09 17:41:41,今日も楽しかったです
6,2017-09-10 08:55:21,2017-09-10 18:53:43,今日も楽しかったです
6,2017-09-11 08:37:03,2017-09-11 17:34:00,今日も楽しかったです
6,2017-09-12 08:52:24,2017-09-12 17:34:46,今日も楽しかったです
6,2017-09-15 08:59:58,2017-09-15 17:16:45,今日も楽しかったです
6,2017-09-16 08:41:03,2017-09-16 18:59:29,今日も楽しかったです
6,2017-09-17 08:40:14,2017-09-17 17:27:07,今日も楽しかったです
6,2017-09-18 08:38:00,2017-09-18 17:35:26,今日も楽しかったです
6,2017-09-19 08:45:58,2017-09-19 17:06:54,今日も楽しかったです
6,2017-09-22 08:55:17,2017-09-22 17:39:54,今日も楽しかったです
6,2017-09-23 08:33:44,2017-09-23 17:15:05,今日も楽しかったです
6,2017-09-24 08:38:25,2017-09-24 17:34:44,今日も楽しかったです
6,2017-09-25 08:38:32,2017-09-25 18:29:50,今日も楽しかったです
6,2017-09-26 08:35:22,2017-09-26 17:07:59,今日も楽しかったです
6,2017-09-29 08:31:33,2017-09-29 17:37:09,今日も楽しかったです
6,2017-09-30 08:57:28,2017-09-30 17:12:14,今日も楽しかったです
6,2017-10-01 08:35:11,2017-10-01 18:51:35,今日も楽しかったです
6,2017-10-02 08:44:42,2017-10-02 17:19:07,今日も楽しかったです
6,2017-10-03 08:59:57,2017-10-03 18:16:35,今日も楽しかったです
6,2017-10-06 08:55:28,2017-10-06 18:53:50,今日も楽しかったです
6,2017-10-07 08:54:23,2017-10-07 17:47:39,今日も楽しかったです
6,2017-10-08 08:43:13,2017-10-08 17:30:52,今日も楽しかったです
6,2017-10-09 08:57:10,2017-10-09 18:50:56,今日も楽しかったです
6,2017-10-10 08:33:06,2017-10-10 18:43:23,今日も楽しかったです
6,2017-10-13 08:48:09,2017-10-13 17:13:31,今日も楽しかったです
6,2017-10-14 08:34:52,2017-10-14 18:44:23,今日も楽しかったです
6,2017-10-15 08:44:55,2017-10-15 18:57:46,今日も楽しかったです
6,2017-10-16 08:31:17,2017-10-16 17:35:36,今日も楽しかったです
6,2017-10-17 08:31:38,2017-10-17 18:04:11,今日も楽しかったです
6,2017-10-20 08:46:49,2017-10-20 18:14:10,今日も楽しかったです
6,2017-10-21 08:58:12,2017-10-21 18:10:09,今日も楽しかったです
6,2017-10-22 08:45:08,2017-10-22 18:31:49,今日も楽しかったです
6,2017-10-23 08:39:18,2017-10-23 18:11:40,今日も楽しかったです
6,2017-10-24 08:32:19,2017-10-24 18:02:52,今日も楽しかったです
6,2017-10-27 08:47:21,2017-10-27 18:46:00,今日も楽しかったです
6,2017-10-28 08:37:56,2017-10-28 18:10:26,今日も楽しかったです
6,2017-10-29 08:35:29,2017-10-29 18:59:44,今日も楽しかったです
6,2017-10-30 08:36:26,2017-10-30 18:07:49,今日も楽しかったです
6,2017-10-31 08:33:34,2017-10-31 17:05:37,今日も楽しかったです
6,2017-11-03 08:38:13,2017-11-03 17:13:54,今日も楽しかったです
6,2017-11-04 08:34:34,2017-11-04 18:25:15,今日も楽しかったです
6,2017-11-05 08:42:14,2017-11-05 18:56:07,今日も楽しかったです
6,2017-11-06 08:56:41,2017-11-06 17:21:31,今日も楽しかったです
6,2017-11-07 08:40:46,2017-11-07 17:03:27,今日も楽しかったです
7,2017-09-01 08:33:12,2017-09-01 18:45:07,今日も楽しかったです
7,2017-09-02 08:31:09,2017-09-02 18:54:48,今日も楽しかったです
7,2017-09-03 08:31:58,2017-09-03 18:34:50,今日も楽しかったです
7,2017-09-04 08:39:46,2017-09-04 18:03:58,今日も楽しかったです
7,2017-09-05 08:54:53,2017-09-05 17:58:13,今日も楽しかったです
7,2017-09-08 08:50:18,2017-09-08 18:53:07,今日も楽しかったです
7,2017-09-09 08:59:21,2017-09-09 17:42:39,今日も楽しかったです
7,2017-09-10 08:49:50,2017-09-10 18:10:13,今日も楽しかったです
7,2017-09-11 08:44:17,2017-09-11 18:01:28,今日も楽しかったです
7,2017-09-12 08:55:36,2017-09-12 17:43:16,今日も楽しかったです
7,2017-09-15 08:56:39,2017-09-15 18:30:01,今日も楽しかったです
7,2017-09-16 08:38:09,2017-09-16 17:56:22,今日も楽しかったです
7,2017-09-17 08:46:42,2017-09-17 17:49:14,今日も楽しかったです
7,2017-09-18 08:58:07,2017-09-18 18:16:34,今日も楽しかったです
7,2017-09-19 08:55:49,2017-09-19 18:11:37,今日も楽しかったです
7,2017-09-22 08:58:32,2017-09-22 17:40:30,今日も楽しかったです
7,2017-09-23 08:34:54,2017-09-23 17:15:23,今日も楽しかったです
7,2017-09-24 08:57:50,2017-09-24 17:01:42,今日も楽しかったです
7,2017-09-25 08:48:10,2017-09-25 18:36:29,今日も楽しかったです
7,2017-09-26 08:45:32,2017-09-26 18:05:48,今日も楽しかったです
7,2017-09-29 08:44:00,2017-09-29 17:07:07,今日も楽しかったです
7,2017-09-30 08:37:09,2017-09-30 17:21:47,今日も楽しかったです
7,2017-10-01 08:42:56,2017-10-01 18:40:40,今日も楽しかったです
7,2017-10-02 08:54:31,2017-10-02 18:50:03,今日も楽しかったです
7,2017-10-03 08:51:22,2017-10-03 18:09:41,今日も楽しかったです
7,2017-10-06 08:53:12,2017-10-06 18:56:55,今日も楽しかったです
7,2017-10-07 08:50:06,2017-10-07 18:01:36,今日も楽しかったです
7,2017-10-08 08:30:40,2017-10-08 17:25:30,今日も楽しかったです
7,2017-10-09 08:37:11,2017-10-09 17:11:42,今日も楽しかったです
7,2017-10-10 08:56:21,2017-10-10 18:08:57,今日も楽しかったです
7,2017-10-13 08:36:42,2017-10-13 17:38:41,今日も楽しかったです
7,2017-10-14 08:58:02,2017-10-14 18:00:12,今日も楽しかったです
7,2017-10-15 08:37:58,2017-10-15 18:29:29,今日も楽しかったです
7,2017-10-16 08:59:12,2017-10-16 18:55:13,今日も楽しかったです
7,2017-10-17 08:32:42,2017-10-17 18:14:08,今日も楽しかったです
7,2017-10-20 08:36:26,2017-10-20 17:23:21,今日も楽しかったです
7,2017-10-21 08:43:22,2017-10-21 17:20:21,今日も楽しかったです
7,2017-10-22 08:58:07,2017-10-22 18:08:02,今日も楽しかったです
7,2017-10-23 08:30:29,2017-10-23 17:18:23,今日も楽しかったです
7,2017-10-24 08:52:27,2017-10-24 18:45:32,今日も楽しかったです
7,2017-10-27 08:43:45,2017-10-27 17:03:49,今日も楽しかったです
7,2017-10-28 08:46:36,2017-10-28 17:46:22,今日も楽しかったです
7,2017-10-29 08:49:21,2017-10-29 18:34:12,今日も楽しかったです
7,2017-10-30 08:47:10,2017-10-30 17:36:08,今日も楽しかったです
7,2017-10-31 08:33:38,2017-10-31 17:19:41,今日も楽しかったです
7,2017-11-03 08:48:00,2017-11-03 18:56:51,今日も楽しかったです
7,2017-11-04 08:53:36,2017-11-04 17:43:52,今日も楽しかったです
7,2017-11-05 08:32:06,2017-11-05 17:09:31,今日も楽しかったです
7,2017-11-06 08:53:45,2017-11-06 18:02:46,今日も楽しかったです
7,2017-11-07 08:41:21,2017-11-07 17:10:30,今日も楽しかったです
8,2017-09-01 08:51:05,2017-09-01 17:13:28,今日も楽しかったです
8,2017-09-02 08:40:48,2017-09-02 17:01:29,今日も楽しかったです
8,2017-09-03 08:31:44,2017-09-03 17:42:55,今日も楽しかったです
8,2017-09-04 08:52:57,2017-09-04 18:51:58,今日も楽しかったです
8,2017-09-05 08:45:28,2017-09-05 18:58:41,今日も楽しかったです
8,2017-09-08 08:32:31,2017-09-08 17:08:04,今日も楽しかったです
8,2017-09-09 08:59:07,2017-09-09 17:29:59,今日も楽しかったです
8,2017-09-10 08:32:45,2017-09-10 17:28:11,今日も楽しかったです
8,2017-09-11 08:34:05,2017-09-11 18:46:04,今日も楽しかったです
8,2017-09-12 08:30:49,2017-09-12 17:48:05,今日も楽しかったです
8,2017-09-15 08:39:38,2017-09-15 18:52:41,今日も楽しかったです
8,2017-09-16 08:42:55,2017-09-16 18:12:44,今日も楽しかったです
8,2017-09-17 08:40:02,2017-09-17 18:14:22,今日も楽しかったです
8,2017-09-18 08:37:54,2017-09-18 17:01:11,今日も楽しかったです
8,2017-09-19 08:51:41,2017-09-19 17:10:43,今日も楽しかったです
8,2017-09-22 08:32:36,2017-09-22 18:53:17,今日も楽しかったです
8,2017-09-23 08:54:52,2017-09-23 17:09:46,今日も楽しかったです
8,2017-09-24 08:53:03,2017-09-24 18:43:35,今日も楽しかったです
8,2017-09-25 08:44:42,2017-09-25 17:49:18,今日も楽しかったです
8,2017-09-26 08:41:19,2017-09-26 18:38:05,今日も楽しかったです
8,2017-09-29 08:45:46,2017-09-29 18:59:27,今日も楽しかったです
8,2017-09-30 08:50:50,2017-09-30 18:12:22,今日も楽しかったです
8,2017-10-01 08:47:31,2017-10-01 18:35:19,今日も楽しかったです
8,2017-10-02 08:30:21,2017-10-02 17:08:53,今日も楽しかったです
8,2017-10-03 08:38:40,2017-10-03 17:17:45,今日も楽しかったです
8,2017-10-06 08:52:12,2017-10-06 17:20:49,今日も楽しかったです
8,2017-10-07 08:33:25,2017-10-07 17:44:24,今日も楽しかったです
8,2017-10-08 08:48:50,2017-10-08 17:16:30,今日も楽しかったです
8,2017-10-09 08:55:57,2017-10-09 17:08:54,今日も楽しかったです
8,2017-10-10 08:39:28,2017-10-10 18:56:10,今日も楽しかったです
8,2017-10-13 08:34:46,2017-10-13 18:18:06,今日も楽しかったです
8,2017-10-14 08:39:27,2017-10-14 18:26:08,今日も楽しかったです
8,2017-10-15 08:55:32,2017-10-15 18:00:49,今日も楽しかったです
8,2017-10-16 08:43:13,2017-10-16 17:41:31,今日も楽しかったです
8,2017-10-17 08:57:07,2017-10-17 17:20:14,今日も楽しかったです
8,2017-10-20 08:35:42,2017-10-20 18:48:50,今日も楽しかったです
8,2017-10-21 08:54:32,2017-10-21 17:14:03,今日も楽しかったです
8,2017-10-22 08:46:54,2017-10-22 18:13:38,今日も楽しかったです
8,2017-10-23 08:40:41,2017-10-23 17:31:57,今日も楽しかったです
8,2017-10-24 08:39:37,2017-10-24 18:46:04,今日も楽しかったです
8,2017-10-27 08:59:35,2017-10-27 17:40:02,今日も楽しかったです
8,2017-10-28 08:52:29,2017-10-28 18:38:26,今日も楽しかったです
8,2017-10-29 08:33:59,2017-10-29 18:54:18,今日も楽しかったです
8,2017-10-30 08:47:53,2017-10-30 18:24:04,今日も楽しかったです
8,2017-10-31 08:32:15,2017-10-31 17:33:03,今日も楽しかったです
8,2017-11-03 08:57:48,2017-11-03 18:55:45,今日も楽しかったです
8,2017-11-04 08:32:38,2017-11-04 18:58:04,今日も楽しかったです
8,2017-11-05 08:40:08,2017-11-05 18:44:26,今日も楽しかったです
8,2017-11-06 08:35:57,2017-11-06 17:09:52,今日も楽しかったです
8,2017-11-07 08:33:47,2017-11-07 17:55:14,今日も楽しかったです
9,2017-09-01 08:53:02,2017-09-01 18:09:26,今日も楽しかったです
9,2017-09-02 08:51:31,2017-09-02 18:28:12,今日も楽しかったです
9,2017-09-03 08:58:25,2017-09-03 17:21:40,今日も楽しかったです
9,2017-09-04 08:57:31,2017-09-04 18:54:54,今日も楽しかったです
9,2017-09-05 08:58:42,2017-09-05 17:51:23,今日も楽しかったです
9,2017-09-08 08:39:26,2017-09-08 18:39:27,今日も楽しかったです
9,2017-09-09 08:30:50,2017-09-09 17:31:52,今日も楽しかったです
9,2017-09-10 08:44:06,2017-09-10 18:44:19,今日も楽しかったです
9,2017-09-11 08:54:39,2017-09-11 18:49:27,今日も楽しかったです
9,2017-09-12 08:40:54,2017-09-12 18:25:53,今日も楽しかったです
9,2017-09-15 08:32:50,2017-09-15 17:04:44,今日も楽しかったです
9,2017-09-16 08:58:19,2017-09-16 17:24:03,今日も楽しかったです
9,2017-09-17 08:41:57,2017-09-17 18:21:26,今日も楽しかったです
9,2017-09-18 08:45:27,2017-09-18 17:02:30,今日も楽しかったです
9,2017-09-19 08:49:22,2017-09-19 18:58:35,今日も楽しかったです
9,2017-09-22 08:34:09,2017-09-22 18:02:46,今日も楽しかったです
9,2017-09-23 08:42:54,2017-09-23 17:00:11,今日も楽しかったです
9,2017-09-24 08:35:15,2017-09-24 18:15:17,今日も楽しかったです
9,2017-09-25 08:33:29,2017-09-25 18:27:50,今日も楽しかったです
9,2017-09-26 08:48:01,2017-09-26 17:24:20,今日も楽しかったです
9,2017-09-29 08:54:21,2017-09-29 18:08:34,今日も楽しかったです
9,2017-09-30 08:52:12,2017-09-30 17:31:53,今日も楽しかったです
9,2017-10-01 08:46:30,2017-10-01 18:28:18,今日も楽しかったです
9,2017-10-02 08:48:51,2017-10-02 17:26:04,今日も楽しかったです
9,2017-10-03 08:34:20,2017-10-03 18:16:02,今日も楽しかったです
9,2017-10-06 08:38:47,2017-10-06 18:55:34,今日も楽しかったです
9,2017-10-07 08:44:13,2017-10-07 17:49:41,今日も楽しかったです
9,2017-10-08 08:55:55,2017-10-08 17:20:08,今日も楽しかったです
9,2017-10-09 08:34:30,2017-10-09 18:15:49,今日も楽しかったです
9,2017-10-10 08:47:21,2017-10-10 17:09:29,今日も楽しかったです
9,2017-10-13 08:55:44,2017-10-13 18:49:53,今日も楽しかったです
9,2017-10-14 08:42:28,2017-10-14 17:39:56,今日も楽しかったです
9,2017-10-15 08:58:40,2017-10-15 18:32:02,今日も楽しかったです
9,2017-10-16 08:39:34,2017-10-16 18:47:47,今日も楽しかったです
9,2017-10-17 08:38:25,2017-10-17 17:14:49,今日も楽しかったです
9,2017-10-20 08:51:01,2017-10-20 18:42:33,今日も楽しかったです
9,2017-10-21 08:44:48,2017-10-21 17:16:04,今日も楽しかったです
9,2017-10-22 08:35:53,2017-10-22 17:00:26,今日も楽しかったです
9,2017-10-23 08:50:54,2017-10-23 18:18:24,今日も楽しかったです
9,2017-10-24 08:43:36,2017-10-24 17:50:06,今日も楽しかったです
9,2017-10-27 08:46:00,2017-10-27 17:41:11,今日も楽しかったです
9,2017-10-28 08:31:41,2017-10-28 18:48:20,今日も楽しかったです
9,2017-10-29 08:42:31,2017-10-29 18:46:48,今日も楽しかったです
9,2017-10-30 08:47:31,2017-10-30 17:00:30,今日も楽しかったです
9,2017-10-31 08:32:37,2017-10-31 18:34:47,今日も楽しかったです
9,2017-11-03 08:34:49,2017-11-03 18:15:37,今日も楽しかったです
9,2017-11-04 08:35:43,2017-11-04 17:40:58,今日も楽しかったです
9,2017-11-05 08:55:03,2017-11-05 18:10:07,今日も楽しかったです
9,2017-11-06 08:35:54,2017-11-06 18:57:32,今日も楽しかったです
9,2017-11-07 08:46:16,2017-11-07 17:35:37,今日も楽しかったです
10,2017-09-01 08:45:25,2017-09-01 18:41:59,今日も楽しかったです
10,2017-09-02 08:42:42,2017-09-02 18:39:57,今日も楽しかったです
10,2017-09-03 08:40:47,2017-09-03 18:08:17,今日も楽しかったです
10,2017-09-04 08:53:53,2017-09-04 18:37:25,今日も楽しかったです
10,2017-09-05 08:46:25,2017-09-05 17:53:13,今日も楽しかったです
10,2017-09-08 08:33:22,2017-09-08 17:26:48,今日も楽しかったです
10,2017-09-09 08:32:53,2017-09-09 17:04:32,今日も楽しかったです
10,2017-09-10 08:55:40,2017-09-10 17:29:38,今日も楽しかったです
10,2017-09-11 08:38:03,2017-09-11 18:43:35,今日も楽しかったです
10,2017-09-12 08:42:03,2017-09-12 17:11:12,今日も楽しかったです
10,2017-09-15 08:42:12,2017-09-15 17:17:10,今日も楽しかったです
10,2017-09-16 08:47:24,2017-09-16 18:08:08,今日も楽しかったです
10,2017-09-17 08:52:10,2017-09-17 17:06:11,今日も楽しかったです
10,2017-09-18 08:53:22,2017-09-18 18:04:09,今日も楽しかったです
10,2017-09-19 08:33:53,2017-09-19 18:08:53,今日も楽しかったです
10,2017-09-22 08:36:36,2017-09-22 18:24:26,今日も楽しかったです
10,2017-09-23 08:48:29,2017-09-23 17:16:22,今日も楽しかったです
10,2017-09-24 08:36:40,2017-09-24 17:23:55,今日も楽しかったです
10,2017-09-25 08:43:32,2017-09-25 17:55:37,今日も楽しかったです
10,2017-09-26 08:32:07,2017-09-26 17:21:32,今日も楽しかったです
10,2017-09-29 08:38:34,2017-09-29 18:23:40,今日も楽しかったです
10,2017-09-30 08:42:08,2017-09-30 17:44:55,今日も楽しかったです
10,2017-10-01 08:32:07,2017-10-01 18:19:58,今日も楽しかったです
10,2017-10-02 08:56:37,2017-10-02 18:33:43,今日も楽しかったです
10,2017-10-03 08:37:24,2017-10-03 17:41:38,今日も楽しかったです
10,2017-10-06 08:38:03,2017-10-06 18:50:19,今日も楽しかったです
10,2017-10-07 08:53:16,2017-10-07 18:55:59,今日も楽しかったです
10,2017-10-08 08:56:08,2017-10-08 18:57:23,今日も楽しかったです
10,2017-10-09 08:48:56,2017-10-09 18:50:00,今日も楽しかったです
10,2017-10-10 08:58:19,2017-10-10 18:50:06,今日も楽しかったです
10,2017-10-13 08:42:52,2017-10-13 18:14:35,今日も楽しかったです
10,2017-10-14 08:39:06,2017-10-14 17:09:14,今日も楽しかったです
10,2017-10-15 08:59:10,2017-10-15 18:32:58,今日も楽しかったです
10,2017-10-16 08:35:08,2017-10-16 17:16:13,今日も楽しかったです
10,2017-10-17 08:48:50,2017-10-17 18:48:42,今日も楽しかったです
10,2017-10-20 08:33:52,2017-10-20 17:38:49,今日も楽しかったです
10,2017-10-21 08:48:40,2017-10-21 17:08:28,今日も楽しかったです
10,2017-10-22 08:50:46,2017-10-22 18:16:41,今日も楽しかったです
10,2017-10-23 08:45:48,2017-10-23 18:07:19,今日も楽しかったです
10,2017-10-24 08:32:01,2017-10-24 17:52:11,今日も楽しかったです
10,2017-10-27 08:43:00,2017-10-27 18:52:02,今日も楽しかったです
10,2017-10-28 08:38:37,2017-10-28 17:20:09,今日も楽しかったです
10,2017-10-29 08:47:53,2017-10-29 17:37:55,今日も楽しかったです
10,2017-10-30 08:32:03,2017-10-30 17:32:52,今日も楽しかったです
10,2017-10-31 08:47:24,2017-10-31 18:49:54,今日も楽しかったです
10,2017-11-03 08:42:15,2017-11-03 17:13:02,今日も楽しかったです
10,2017-11-04 08:38:59,2017-11-04 18:46:11,今日も楽しかったです
10,2017-11-05 08:34:58,2017-11-05 18:17:45,今日も楽しかったです
10,2017-11-06 08:49:58,2017-11-06 17:25:15,今日も楽しかったです
10,2017-11-07 08:47:43,2017-11-07 17:20:19,今日も楽しかったです
11,2017-09-01 08:58:52,2017-09-01 17:12:28,今日も楽しかったです
11,2017-09-02 08:31:52,2017-09-02 17:53:45,今日も楽しかったです
11,2017-09-03 08:44:10,2017-09-03 17:52:06,今日も楽しかったです
11,2017-09-04 08:32:51,2017-09-04 17:12:29,今日も楽しかったです
11,2017-09-05 08:39:39,2017-09-05 17:13:59,今日も楽しかったです
11,2017-09-08 09:00:00,2017-09-08 18:12:26,今日も楽しかったです
11,2017-09-09 08:30:05,2017-09-09 17:00:44,今日も楽しかったです
11,2017-09-10 08:43:59,2017-09-10 17:09:36,今日も楽しかったです
11,2017-09-11 08:45:40,2017-09-11 18:32:17,今日も楽しかったです
11,2017-09-12 08:52:04,2017-09-12 18:09:18,今日も楽しかったです
11,2017-09-15 08:50:25,2017-09-15 17:49:21,今日も楽しかったです
11,2017-09-16 08:58:17,2017-09-16 18:04:49,今日も楽しかったです
11,2017-09-17 08:46:35,2017-09-17 18:14:53,今日も楽しかったです
11,2017-09-18 08:50:50,2017-09-18 17:44:17,今日も楽しかったです
11,2017-09-19 08:55:05,2017-09-19 18:45:35,今日も楽しかったです
11,2017-09-22 08:57:45,2017-09-22 18:18:35,今日も楽しかったです
11,2017-09-23 08:41:29,2017-09-23 17:30:24,今日も楽しかったです
11,2017-09-24 08:48:08,2017-09-24 17:30:17,今日も楽しかったです
11,2017-09-25 08:56:08,2017-09-25 17:32:43,今日も楽しかったです
11,2017-09-26 08:57:50,2017-09-26 18:25:40,今日も楽しかったです
11,2017-09-29 08:39:09,2017-09-29 18:26:38,今日も楽しかったです
11,2017-09-30 08:35:48,2017-09-30 18:26:23,今日も楽しかったです
11,2017-10-01 08:51:25,2017-10-01 17:24:03,今日も楽しかったです
11,2017-10-02 08:51:32,2017-10-02 17:06:24,今日も楽しかったです
11,2017-10-03 08:36:51,2017-10-03 17:50:18,今日も楽しかったです
11,2017-10-06 08:52:33,2017-10-06 17:42:40,今日も楽しかったです
11,2017-10-07 08:43:41,2017-10-07 18:20:39,今日も楽しかったです
11,2017-10-08 08:47:16,2017-10-08 17:43:59,今日も楽しかったです
11,2017-10-09 08:58:08,2017-10-09 18:18:13,今日も楽しかったです
11,2017-10-10 08:49:09,2017-10-10 18:13:00,今日も楽しかったです
11,2017-10-13 08:38:48,2017-10-13 18:35:38,今日も楽しかったです
11,2017-10-14 08:56:03,2017-10-14 17:59:41,今日も楽しかったです
11,2017-10-15 08:46:54,2017-10-15 18:18:45,今日も楽しかったです
11,2017-10-16 08:31:07,2017-10-16 18:22:55,今日も楽しかったです
11,2017-10-17 08:34:38,2017-10-17 17:40:04,今日も楽しかったです
11,2017-10-20 08:41:32,2017-10-20 17:07:24,今日も楽しかったです
11,2017-10-21 08:53:07,2017-10-21 18:52:54,今日も楽しかったです
11,2017-10-22 08:46:04,2017-10-22 17:08:55,今日も楽しかったです
11,2017-10-23 08:49:13,2017-10-23 17:14:07,今日も楽しかったです
11,2017-10-24 08:33:20,2017-10-24 17:59:27,今日も楽しかったです
11,2017-10-27 08:42:41,2017-10-27 17:14:14,今日も楽しかったです
11,2017-10-28 08:40:14,2017-10-28 17:36:14,今日も楽しかったです
11,2017-10-29 08:34:42,2017-10-29 18:17:59,今日も楽しかったです
11,2017-10-30 08:42:09,2017-10-30 17:45:31,今日も楽しかったです
11,2017-10-31 08:51:36,2017-10-31 18:16:50,今日も楽しかったです
11,2017-11-03 08:36:05,2017-11-03 17:11:37,今日も楽しかったです
11,2017-11-04 08:41:12,2017-11-04 17:46:47,今日も楽しかったです
11,2017-11-05 08:52:13,2017-11-05 17:15:54,今日も楽しかったです
11,2017-11-06 08:31:55,2017-11-06 17:10:38,今日も楽しかったです
11,2017-11-07 08:40:25,2017-11-07 18:57:46,今日も楽しかったです
12,2017-09-01 08:41:17,2017-09-01 18:03:28,今日も楽しかったです
12,2017-09-02 08:44:29,2017-09-02 17:51:22,今日も楽しかったです
12,2017-09-03 08:34:51,2017-09-03 18:53:04,今日も楽しかったです
12,2017-09-04 08:30:15,2017-09-04 18:46:28,今日も楽しかったです
12,2017-09-05 08:34:44,2017-09-05 17:34:13,今日も楽しかったです
12,2017-09-08 08:41:10,2017-09-08 18:51:11,今日も楽しかったです
12,2017-09-09 08:33:32,2017-09-09 18:56:36,今日も楽しかったです
12,2017-09-10 08:40:40,2017-09-10 17:56:43,今日も楽しかったです
12,2017-09-11 08:39:15,2017-09-11 17:00:16,今日も楽しかったです
12,2017-09-12 08:49:53,2017-09-12 17:20:36,今日も楽しかったです
12,2017-09-15 08:45:20,2017-09-15 18:21:05,今日も楽しかったです
12,2017-09-16 08:56:43,2017-09-16 17:14:55,今日も楽しかったです
12,2017-09-17 08:31:29,2017-09-17 18:10:35,今日も楽しかったです
12,2017-09-18 08:33:21,2017-09-18 18:30:18,今日も楽しかったです
12,2017-09-19 08:51:48,2017-09-19 17:50:15,今日も楽しかったです
12,2017-09-22 08:49:02,2017-09-22 18:43:35,今日も楽しかったです
12,2017-09-23 08:59:28,2017-09-23 17:09:40,今日も楽しかったです
12,2017-09-24 08:37:29,2017-09-24 17:08:45,今日も楽しかったです
12,2017-09-25 08:30:50,2017-09-25 17:21:43,今日も楽しかったです
12,2017-09-26 08:49:51,2017-09-26 18:15:34,今日も楽しかったです
12,2017-09-29 08:35:24,2017-09-29 17:44:18,今日も楽しかったです
12,2017-09-30 08:49:04,2017-09-30 17:39:44,今日も楽しかったです
12,2017-10-01 08:34:17,2017-10-01 17:09:21,今日も楽しかったです
12,2017-10-02 08:54:12,2017-10-02 18:20:12,今日も楽しかったです
12,2017-10-03 08:45:17,2017-10-03 17:44:04,今日も楽しかったです
12,2017-10-06 08:30:54,2017-10-06 18:06:29,今日も楽しかったです
12,2017-10-07 08:40:23,2017-10-07 17:07:41,今日も楽しかったです
12,2017-10-08 08:48:02,2017-10-08 18:58:19,今日も楽しかったです
12,2017-10-09 08:38:54,2017-10-09 17:19:14,今日も楽しかったです
12,2017-10-10 08:50:24,2017-10-10 18:34:13,今日も楽しかったです
12,2017-10-13 08:39:20,2017-10-13 17:57:05,今日も楽しかったです
12,2017-10-14 08:53:04,2017-10-14 17:12:50,今日も楽しかったです
12,2017-10-15 08:52:03,2017-10-15 18:50:47,今日も楽しかったです
12,2017-10-16 08:34:44,2017-10-16 18:32:50,今日も楽しかったです
12,2017-10-17 08:36:41,2017-10-17 17:39:24,今日も楽しかったです
12,2017-10-20 08:54:55,2017-10-20 18:11:25,今日も楽しかったです
12,2017-10-21 08:49:20,2017-10-21 18:16:22,今日も楽しかったです
12,2017-10-22 08:43:19,2017-10-22 18:31:24,今日も楽しかったです
12,2017-10-23 08:57:24,2017-10-23 18:03:02,今日も楽しかったです
12,2017-10-24 08:49:28,2017-10-24 17:08:16,今日も楽しかったです
12,2017-10-27 08:44:23,2017-10-27 18:46:34,今日も楽しかったです
12,2017-10-28 08:35:52,2017-10-28 17:26:17,今日も楽しかったです
12,2017-10-29 08:30:24,2017-10-29 17:46:29,今日も楽しかったです
12,2017-10-30 08:59:12,2017-10-30 18:21:27,今日も楽しかったです
12,2017-10-31 08:50:57,2017-10-31 17:35:55,今日も楽しかったです
12,2017-11-03 08:41:53,2017-11-03 18:14:27,今日も楽しかったです
12,2017-11-04 08:41:45,2017-11-04 17:20:01,今日も楽しかったです
12,2017-11-05 08:38:55,2017-11-05 17:32:44,今日も楽しかったです
12,2017-11-06 08:56:32,2017-11-06 17:42:20,今日も楽しかったです
12,2017-11-07 08:54:33,2017-11-07 18:13:56,今日も楽しかったです
13,2017-09-01 08:40:56,2017-09-01 17:54:25,今日も楽しかったです
13,2017-09-02 08:48:08,2017-09-02 18:26:25,今日も楽しかったです
13,2017-09-03 08:37:18,2017-09-03 18:19:54,今日も楽しかったです
13,2017-09-04 09:00:00,2017-09-04 17:22:47,今日も楽しかったです
13,2017-09-05 08:43:23,2017-09-05 18:15:57,今日も楽しかったです
13,2017-09-08 08:54:21,2017-09-08 17:14:02,今日も楽しかったです
13,2017-09-09 08:40:37,2017-09-09 18:58:32,今日も楽しかったです
13,2017-09-10 08:50:15,2017-09-10 18:18:41,今日も楽しかったです
13,2017-09-11 08:49:03,2017-09-11 18:37:03,今日も楽しかったです
13,2017-09-12 08:59:23,2017-09-12 18:41:39,今日も楽しかったです
13,2017-09-15 08:39:08,2017-09-15 17:55:16,今日も楽しかったです
13,2017-09-16 08:55:13,2017-09-16 18:10:35,今日も楽しかったです
13,2017-09-17 08:44:54,2017-09-17 18:41:35,今日も楽しかったです
13,2017-09-18 08:48:03,2017-09-18 18:26:20,今日も楽しかったです
13,2017-09-19 08:47:46,2017-09-19 18:51:00,今日も楽しかったです
13,2017-09-22 08:57:28,2017-09-22 17:04:13,今日も楽しかったです
13,2017-09-23 08:46:05,2017-09-23 17:54:20,今日も楽しかったです
13,2017-09-24 08:46:30,2017-09-24 18:18:45,今日も楽しかったです
13,2017-09-25 08:42:29,2017-09-25 17:37:20,今日も楽しかったです
13,2017-09-26 08:50:04,2017-09-26 18:13:18,今日も楽しかったです
13,2017-09-29 08:48:50,2017-09-29 17:53:24,今日も楽しかったです
13,2017-09-30 08:44:26,2017-09-30 18:18:14,今日も楽しかったです
13,2017-10-01 08:37:10,2017-10-01 17:47:09,今日も楽しかったです
13,2017-10-02 08:56:07,2017-10-02 17:37:59,今日も楽しかったです
13,2017-10-03 08:44:50,2017-10-03 18:15:27,今日も楽しかったです
13,2017-10-06 08:53:07,2017-10-06 18:57:32,今日も楽しかったです
13,2017-10-07 08:52:29,2017-10-07 17:53:51,今日も楽しかったです
13,2017-10-08 08:55:29,2017-10-08 17:22:18,今日も楽しかったです
13,2017-10-09 08:44:57,2017-10-09 18:52:09,今日も楽しかったです
13,2017-10-10 08:39:08,2017-10-10 18:43:32,今日も楽しかったです
13,2017-10-13 08:48:08,2017-10-13 18:12:44,今日も楽しかったです
13,2017-10-14 08:41:57,2017-10-14 17:12:24,今日も楽しかったです
13,2017-10-15 08:37:13,2017-10-15 18:27:47,今日も楽しかったです
13,2017-10-16 08:50:22,2017-10-16 17:10:54,今日も楽しかったです
13,2017-10-17 08:47:22,2017-10-17 18:49:25,今日も楽しかったです
13,2017-10-20 08:51:46,2017-10-20 17:47:15,今日も楽しかったです
13,2017-10-21 08:51:53,2017-10-21 17:56:49,今日も楽しかったです
13,2017-10-22 08:48:56,2017-10-22 17:35:13,今日も楽しかったです
13,2017-10-23 08:30:01,2017-10-23 17:49:01,今日も楽しかったです
13,2017-10-24 08:41:35,2017-10-24 17:03:37,今日も楽しかったです
13,2017-10-27 08:33:29,2017-10-27 17:10:51,今日も楽しかったです
13,2017-10-28 08:53:11,2017-10-28 18:42:37,今日も楽しかったです
13,2017-10-29 08:48:07,2017-10-29 18:30:30,今日も楽しかったです
13,2017-10-30 08:41:39,2017-10-30 18:06:41,今日も楽しかったです
13,2017-10-31 08:37:44,2017-10-31 18:34:00,今日も楽しかったです
13,2017-11-03 08:57:52,2017-11-03 18:22:10,今日も楽しかったです
13,2017-11-04 08:35:10,2017-11-04 17:20:31,今日も楽しかったです
13,2017-11-05 08:57:31,2017-11-05 17:08:38,今日も楽しかったです
13,2017-11-06 08:48:11,2017-11-06 17:16:08,今日も楽しかったです
13,2017-11-07 08:49:59,2017-11-07 17:38:14,今日も楽しかったです
14,2017-09-01 08:48:22,2017-09-01 18:30:44,今日も楽しかったです
14,2017-09-02 08:40:48,2017-09-02 18:46:19,今日も楽しかったです
14,2017-09-03 08:35:11,2017-09-03 18:22:55,今日も楽しかったです
14,2017-09-04 08:54:17,2017-09-04 17:09:03,今日も楽しかったです
14,2017-09-05 08:39:37,2017-09-05 17:53:03,今日も楽しかったです
14,2017-09-08 08:47:44,2017-09-08 18:20:07,今日も楽しかったです
14,2017-09-09 08:47:48,2017-09-09 17:52:10,今日も楽しかったです
14,2017-09-10 08:30:52,2017-09-10 17:28:46,今日も楽しかったです
14,2017-09-11 08:59:47,2017-09-11 17:16:51,今日も楽しかったです
14,2017-09-12 08:50:30,2017-09-12 17:25:32,今日も楽しかったです
14,2017-09-15 08:45:26,2017-09-15 18:35:37,今日も楽しかったです
14,2017-09-16 08:54:04,2017-09-16 17:59:03,今日も楽しかったです
14,2017-09-17 08:36:53,2017-09-17 18:42:24,今日も楽しかったです
14,2017-09-18 08:45:21,2017-09-18 17:19:19,今日も楽しかったです
14,2017-09-19 08:55:07,2017-09-19 17:15:08,今日も楽しかったです
14,2017-09-22 08:39:37,2017-09-22 17:07:33,今日も楽しかったです
14,2017-09-23 08:47:54,2017-09-23 18:35:00,今日も楽しかったです
14,2017-09-24 08:57:45,2017-09-24 17:31:45,今日も楽しかったです
14,2017-09-25 08:46:31,2017-09-25 18:32:57,今日も楽しかったです
14,2017-09-26 08:34:54,2017-09-26 17:39:35,今日も楽しかったです
14,2017-09-29 08:59:39,2017-09-29 18:33:25,今日も楽しかったです
14,2017-09-30 08:42:55,2017-09-30 17:06:55,今日も楽しかったです
14,2017-10-01 08:35:06,2017-10-01 17:24:54,今日も楽しかったです
14,2017-10-02 08:53:54,2017-10-02 18:39:52,今日も楽しかったです
14,2017-10-03 08:43:26,2017-10-03 17:57:38,今日も楽しかったです
14,2017-10-06 08:47:41,2017-10-06 17:02:40,今日も楽しかったです
14,2017-10-07 08:30:50,2017-10-07 18:35:48,今日も楽しかったです
14,2017-10-08 08:36:30,2017-10-08 18:51:02,今日も楽しかったです
14,2017-10-09 08:54:18,2017-10-09 17:29:28,今日も楽しかったです
14,2017-10-10 08:46:33,2017-10-10 18:11:51,今日も楽しかったです
14,2017-10-13 08:57:42,2017-10-13 17:26:36,今日も楽しかったです
14,2017-10-14 08:39:16,2017-10-14 18:05:40,今日も楽しかったです
14,2017-10-15 08:53:55,2017-10-15 18:10:40,今日も楽しかったです
14,2017-10-16 08:43:08,2017-10-16 18:16:43,今日も楽しかったです
14,2017-10-17 08:56:40,2017-10-17 18:11:52,今日も楽しかったです
14,2017-10-20 08:51:55,2017-10-20 18:38:25,今日も楽しかったです
14,2017-10-21 08:43:32,2017-10-21 18:12:32,今日も楽しかったです
14,2017-10-22 08:44:51,2017-10-22 17:18:07,今日も楽しかったです
14,2017-10-23 08:32:02,2017-10-23 18:37:36,今日も楽しかったです
14,2017-10-24 08:41:41,2017-10-24 17:55:15,今日も楽しかったです
14,2017-10-27 08:30:46,2017-10-27 18:41:18,今日も楽しかったです
14,2017-10-28 08:36:43,2017-10-28 17:51:12,今日も楽しかったです
14,2017-10-29 08:59:05,2017-10-29 18:17:53,今日も楽しかったです
14,2017-10-30 08:55:01,2017-10-30 17:26:03,今日も楽しかったです
14,2017-10-31 08:51:42,2017-10-31 17:53:37,今日も楽しかったです
14,2017-11-03 08:57:42,2017-11-03 18:49:29,今日も楽しかったです
14,2017-11-04 08:47:39,2017-11-04 18:20:04,今日も楽しかったです
14,2017-11-05 08:33:32,2017-11-05 18:37:52,今日も楽しかったです
14,2017-11-06 08:56:58,2017-11-06 18:06:12,今日も楽しかったです
14,2017-11-07 08:39:59,2017-11-07 17:48:38,今日も楽しかったです
15,2017-09-01 08:34:55,2017-09-01 18:57:25,今日も楽しかったです
15,2017-09-02 08:58:53,2017-09-02 17:15:05,今日も楽しかったです
15,2017-09-03 08:48:21,2017-09-03 17:33:50,今日も楽しかったです
15,2017-09-04 08:39:48,2017-09-04 17:52:16,今日も楽しかったです
15,2017-09-05 08:46:58,2017-09-05 17:38:46,今日も楽しかったです
15,2017-09-08 08:38:14,2017-09-08 18:03:21,今日も楽しかったです
15,2017-09-09 08:49:53,2017-09-09 18:40:14,今日も楽しかったです
15,2017-09-10 08:55:09,2017-09-10 18:50:53,今日も楽しかったです
15,2017-09-11 08:46:56,2017-09-11 17:13:55,今日も楽しかったです
15,2017-09-12 08:40:19,2017-09-12 18:24:12,今日も楽しかったです
15,2017-09-15 08:44:23,2017-09-15 17:55:38,今日も楽しかったです
15,2017-09-16 08:44:03,2017-09-16 17:56:03,今日も楽しかったです
15,2017-09-17 08:44:55,2017-09-17 17:44:34,今日も楽しかったです
15,2017-09-18 08:38:24,2017-09-18 17:36:38,今日も楽しかったです
15,2017-09-19 08:44:47,2017-09-19 17:45:33,今日も楽しかったです
15,2017-09-22 08:43:49,2017-09-22 18:41:25,今日も楽しかったです
15,2017-09-23 08:32:11,2017-09-23 18:19:27,今日も楽しかったです
15,2017-09-24 08:45:25,2017-09-24 17:33:00,今日も楽しかったです
15,2017-09-25 08:56:21,2017-09-25 18:44:51,今日も楽しかったです
15,2017-09-26 08:59:39,2017-09-26 18:12:16,今日も楽しかったです
15,2017-09-29 08:39:50,2017-09-29 18:03:20,今日も楽しかったです
15,2017-09-30 08:42:31,2017-09-30 18:25:15,今日も楽しかったです
15,2017-10-01 08:53:37,2017-10-01 17:21:19,今日も楽しかったです
15,2017-10-02 08:58:20,2017-10-02 18:35:24,今日も楽しかったです
15,2017-10-03 08:59:32,2017-10-03 18:58:47,今日も楽しかったです
15,2017-10-06 08:41:10,2017-10-06 18:08:44,今日も楽しかったです
15,2017-10-07 08:43:41,2017-10-07 18:43:02,今日も楽しかったです
15,2017-10-08 08:50:11,2017-10-08 17:30:55,今日も楽しかったです
15,2017-10-09 08:51:20,2017-10-09 17:10:12,今日も楽しかったです
15,2017-10-10 08:55:15,2017-10-10 18:19:59,今日も楽しかったです
15,2017-10-13 08:54:20,2017-10-13 18:33:40,今日も楽しかったです
15,2017-10-14 08:40:09,2017-10-14 18:57:50,今日も楽しかったです
15,2017-10-15 08:31:23,2017-10-15 18:09:00,今日も楽しかったです
15,2017-10-16 08:38:06,2017-10-16 18:15:34,今日も楽しかったです
15,2017-10-17 08:43:44,2017-10-17 18:50:08,今日も楽しかったです
15,2017-10-20 08:56:14,2017-10-20 17:55:05,今日も楽しかったです
15,2017-10-21 08:59:36,2017-10-21 17:29:29,今日も楽しかったです
15,2017-10-22 08:56:12,2017-10-22 18:48:10,今日も楽しかったです
15,2017-10-23 08:35:26,2017-10-23 18:06:22,今日も楽しかったです
15,2017-10-24 08:50:46,2017-10-24 17:09:39,今日も楽しかったです
15,2017-10-27 08:44:36,2017-10-27 17:54:28,今日も楽しかったです
15,2017-10-28 08:49:03,2017-10-28 18:47:12,今日も楽しかったです
15,2017-10-29 08:39:50,2017-10-29 18:18:01,今日も楽しかったです
15,2017-10-30 08:48:10,2017-10-30 18:53:35,今日も楽しかったです
15,2017-10-31 08:41:38,2017-10-31 18:39:52,今日も楽しかったです
15,2017-11-03 08:32:23,2017-11-03 18:40:14,今日も楽しかったです
15,2017-11-04 08:51:19,2017-11-04 17:51:48,今日も楽しかったです
15,2017-11-05 08:49:39,2017-11-05 18:21:44,今日も楽しかったです
15,2017-11-06 08:45:29,2017-11-06 17:37:30,今日も楽しかったです
15,2017-11-07 08:48:56,2017-11-07 17:02:13,今日も楽しかったです
16,2017-09-01 08:57:14,2017-09-01 17:54:03,今日も楽しかったです
16,2017-09-02 08:53:17,2017-09-02 17:11:32,今日も楽しかったです
16,2017-09-03 08:58:58,2017-09-03 18:45:16,今日も楽しかったです
16,2017-09-04 08:49:04,2017-09-04 17:49:04,今日も楽しかったです
16,2017-09-05 08:32:38,2017-09-05 18:22:28,今日も楽しかったです
16,2017-09-08 08:44:49,2017-09-08 18:37:02,今日も楽しかったです
16,2017-09-09 08:54:12,2017-09-09 18:24:11,今日も楽しかったです
16,2017-09-10 08:40:30,2017-09-10 18:42:27,今日も楽しかったです
16,2017-09-11 08:52:02,2017-09-11 17:55:26,今日も楽しかったです
16,2017-09-12 08:33:10,2017-09-12 17:18:42,今日も楽しかったです
16,2017-09-15 08:52:10,2017-09-15 18:10:58,今日も楽しかったです
16,2017-09-16 08:44:17,2017-09-16 17:42:24,今日も楽しかったです
16,2017-09-17 08:57:22,2017-09-17 17:23:00,今日も楽しかったです
16,2017-09-18 08:30:29,2017-09-18 17:00:28,今日も楽しかったです
16,2017-09-19 08:42:59,2017-09-19 18:45:57,今日も楽しかったです
16,2017-09-22 08:31:21,2017-09-22 17:14:27,今日も楽しかったです
16,2017-09-23 08:57:59,2017-09-23 17:33:52,今日も楽しかったです
16,2017-09-24 08:35:42,2017-09-24 17:36:11,今日も楽しかったです
16,2017-09-25 08:46:55,2017-09-25 17:25:19,今日も楽しかったです
16,2017-09-26 08:51:53,2017-09-26 17:48:12,今日も楽しかったです
16,2017-09-29 08:47:12,2017-09-29 18:22:30,今日も楽しかったです
16,2017-09-30 08:57:04,2017-09-30 17:56:53,今日も楽しかったです
16,2017-10-01 08:54:00,2017-10-01 18:36:31,今日も楽しかったです
16,2017-10-02 08:56:44,2017-10-02 17:33:41,今日も楽しかったです
16,2017-10-03 08:36:12,2017-10-03 18:50:40,今日も楽しかったです
16,2017-10-06 08:36:43,2017-10-06 17:00:43,今日も楽しかったです
16,2017-10-07 08:36:59,2017-10-07 17:26:58,今日も楽しかったです
16,2017-10-08 08:58:04,2017-10-08 18:52:51,今日も楽しかったです
16,2017-10-09 08:44:27,2017-10-09 18:07:33,今日も楽しかったです
16,2017-10-10 08:58:30,2017-10-10 18:37:05,今日も楽しかったです
16,2017-10-13 08:30:55,2017-10-13 18:24:11,今日も楽しかったです
16,2017-10-14 08:53:38,2017-10-14 17:11:57,今日も楽しかったです
16,2017-10-15 08:42:56,2017-10-15 18:02:34,今日も楽しかったです
16,2017-10-16 08:56:42,2017-10-16 17:27:07,今日も楽しかったです
16,2017-10-17 08:38:33,2017-10-17 17:57:26,今日も楽しかったです
16,2017-10-20 08:46:38,2017-10-20 18:12:38,今日も楽しかったです
16,2017-10-21 08:34:10,2017-10-21 18:15:30,今日も楽しかったです
16,2017-10-22 08:51:57,2017-10-22 18:31:36,今日も楽しかったです
16,2017-10-23 08:40:02,2017-10-23 18:39:44,今日も楽しかったです
16,2017-10-24 08:50:50,2017-10-24 17:47:33,今日も楽しかったです
16,2017-10-27 08:40:06,2017-10-27 17:37:36,今日も楽しかったです
16,2017-10-28 08:57:12,2017-10-28 18:48:43,今日も楽しかったです
16,2017-10-29 08:31:29,2017-10-29 18:19:15,今日も楽しかったです
16,2017-10-30 08:37:36,2017-10-30 17:37:48,今日も楽しかったです
16,2017-10-31 08:47:02,2017-10-31 17:48:23,今日も楽しかったです
16,2017-11-03 08:34:39,2017-11-03 18:12:42,今日も楽しかったです
16,2017-11-04 08:55:21,2017-11-04 18:39:51,今日も楽しかったです
16,2017-11-05 08:59:55,2017-11-05 17:58:34,今日も楽しかったです
16,2017-11-06 08:53:52,2017-11-06 17:41:53,今日も楽しかったです
16,2017-11-07 08:52:00,2017-11-07 17:35:42,今日も楽しかったです
17,2017-09-01 08:42:19,2017-09-01 18:19:27,今日も楽しかったです
17,2017-09-02 08:44:30,2017-09-02 17:29:53,今日も楽しかったです
17,2017-09-03 08:47:21,2017-09-03 17:47:08,今日も楽しかったです
17,2017-09-04 08:43:14,2017-09-04 18:04:05,今日も楽しかったです
17,2017-09-05 08:42:56,2017-09-05 17:25:49,今日も楽しかったです
17,2017-09-08 08:42:34,2017-09-08 18:39:05,今日も楽しかったです
17,2017-09-09 08:36:04,2017-09-09 17:56:30,今日も楽しかったです
17,2017-09-10 08:58:09,2017-09-10 18:11:20,今日も楽しかったです
17,2017-09-11 08:53:33,2017-09-11 17:38:41,今日も楽しかったです
17,2017-09-12 08:55:11,2017-09-12 17:31:52,今日も楽しかったです
17,2017-09-15 08:41:38,2017-09-15 18:46:30,今日も楽しかったです
17,2017-09-16 08:30:09,2017-09-16 18:18:48,今日も楽しかったです
17,2017-09-17 08:59:25,2017-09-17 17:57:49,今日も楽しかったです
17,2017-09-18 08:58:38,2017-09-18 17:38:22,今日も楽しかったです
17,2017-09-19 08:43:44,2017-09-19 17:05:08,今日も楽しかったです
17,2017-09-22 08:51:48,2017-09-22 17:46:24,今日も楽しかったです
17,2017-09-23 08:55:05,2017-09-23 17:05:43,今日も楽しかったです
17,2017-09-24 08:51:07,2017-09-24 17:31:22,今日も楽しかったです
17,2017-09-25 08:32:40,2017-09-25 18:30:07,今日も楽しかったです
17,2017-09-26 08:52:39,2017-09-26 17:04:56,今日も楽しかったです
17,2017-09-29 08:49:40,2017-09-29 17:44:42,今日も楽しかったです
17,2017-09-30 08:40:32,2017-09-30 18:42:57,今日も楽しかったです
17,2017-10-01 08:31:12,2017-10-01 18:51:58,今日も楽しかったです
17,2017-10-02 08:33:48,2017-10-02 17:51:22,今日も楽しかったです
17,2017-10-03 08:42:02,2017-10-03 18:37:19,今日も楽しかったです
17,2017-10-06 08:50:27,2017-10-06 18:56:42,今日も楽しかったです
17,2017-10-07 08:43:51,2017-10-07 18:26:25,今日も楽しかったです
17,2017-10-08 08:38:51,2017-10-08 17:39:27,今日も楽しかったです
17,2017-10-09 08:48:43,2017-10-09 18:29:11,今日も楽しかったです
17,2017-10-10 08:48:30,2017-10-10 18:01:48,今日も楽しかったです
17,2017-10-13 08:50:38,2017-10-13 17:30:12,今日も楽しかったです
17,2017-10-14 08:40:12,2017-10-14 17:26:40,今日も楽しかったです
17,2017-10-15 08:34:22,2017-10-15 17:03:51,今日も楽しかったです
17,2017-10-16 08:39:23,2017-10-16 18:26:03,今日も楽しかったです
17,2017-10-17 08:49:02,2017-10-17 18:24:38,今日も楽しかったです
17,2017-10-20 08:46:13,2017-10-20 17:49:51,今日も楽しかったです
17,2017-10-21 08:52:46,2017-10-21 18:08:31,今日も楽しかったです
17,2017-10-22 08:31:56,2017-10-22 18:54:21,今日も楽しかったです
17,2017-10-23 08:35:01,2017-10-23 17:40:54,今日も楽しかったです
17,2017-10-24 08:52:22,2017-10-24 18:50:47,今日も楽しかったです
17,2017-10-27 08:43:07,2017-10-27 18:40:04,今日も楽しかったです
17,2017-10-28 08:47:12,2017-10-28 18:09:27,今日も楽しかったです
17,2017-10-29 08:32:52,2017-10-29 18:11:36,今日も楽しかったです
17,2017-10-30 08:37:21,2017-10-30 18:23:47,今日も楽しかったです
17,2017-10-31 08:54:27,2017-10-31 18:10:35,今日も楽しかったです
17,2017-11-03 08:41:57,2017-11-03 18:01:36,今日も楽しかったです
17,2017-11-04 08:49:20,2017-11-04 18:02:27,今日も楽しかったです
17,2017-11-05 08:32:07,2017-11-05 17:06:36,今日も楽しかったです
17,2017-11-06 08:58:20,2017-11-06 17:21:31,今日も楽しかったです
17,2017-11-07 08:49:53,2017-11-07 18:03:55,今日も楽しかったです
18,2017-09-01 08:46:30,2017-09-01 17:08:46,今日も楽しかったです
18,2017-09-02 08:58:01,2017-09-02 17:46:52,今日も楽しかったです
18,2017-09-03 08:47:11,2017-09-03 17:05:39,今日も楽しかったです
18,2017-09-04 08:39:43,2017-09-04 18:00:07,今日も楽しかったです
18,2017-09-05 08:34:38,2017-09-05 17:10:23,今日も楽しかったです
18,2017-09-08 08:36:34,2017-09-08 18:05:22,今日も楽しかったです
18,2017-09-09 08:43:44,2017-09-09 17:46:24,今日も楽しかったです
18,2017-09-10 08:47:18,2017-09-10 17:01:22,今日も楽しかったです
18,2017-09-11 08:33:41,2017-09-11 18:49:51,今日も楽しかったです
18,2017-09-12 08:52:32,2017-09-12 17:48:08,今日も楽しかったです
18,2017-09-15 08:43:49,2017-09-15 17:13:16,今日も楽しかったです
18,2017-09-16 08:36:09,2017-09-16 17:18:58,今日も楽しかったです
18,2017-09-17 08:50:01,2017-09-17 17:07:40,今日も楽しかったです
18,2017-09-18 08:37:41,2017-09-18 18:08:54,今日も楽しかったです
18,2017-09-19 08:43:00,2017-09-19 18:02:55,今日も楽しかったです
18,2017-09-22 08:58:45,2017-09-22 17:49:36,今日も楽しかったです
18,2017-09-23 08:42:18,2017-09-23 17:38:54,今日も楽しかったです
18,2017-09-24 08:51:29,2017-09-24 17:33:44,今日も楽しかったです
18,2017-09-25 08:34:22,2017-09-25 17:45:01,今日も楽しかったです
18,2017-09-26 08:37:22,2017-09-26 18:39:46,今日も楽しかったです
18,2017-09-29 08:37:30,2017-09-29 17:25:36,今日も楽しかったです
18,2017-09-30 08:31:50,2017-09-30 18:29:36,今日も楽しかったです
18,2017-10-01 08:52:46,2017-10-01 17:22:02,今日も楽しかったです
18,2017-10-02 08:52:21,2017-10-02 17:06:18,今日も楽しかったです
18,2017-10-03 08:56:29,2017-10-03 18:28:48,今日も楽しかったです
18,2017-10-06 08:56:36,2017-10-06 18:28:26,今日も楽しかったです
18,2017-10-07 08:48:01,2017-10-07 17:02:20,今日も楽しかったです
18,2017-10-08 08:51:27,2017-10-08 18:39:33,今日も楽しかったです
18,2017-10-09 08:54:55,2017-10-09 18:34:57,今日も楽しかったです
18,2017-10-10 08:34:02,2017-10-10 17:08:32,今日も楽しかったです
18,2017-10-13 08:37:17,2017-10-13 17:15:40,今日も楽しかったです
18,2017-10-14 08:32:50,2017-10-14 17:05:53,今日も楽しかったです
18,2017-10-15 08:33:56,2017-10-15 18:20:16,今日も楽しかったです
18,2017-10-16 08:58:10,2017-10-16 17:25:08,今日も楽しかったです
18,2017-10-17 08:34:10,2017-10-17 17:10:11,今日も楽しかったです
18,2017-10-20 08:51:03,2017-10-20 17:56:36,今日も楽しかったです
18,2017-10-21 08:31:34,2017-10-21 18:07:49,今日も楽しかったです
18,2017-10-22 08:31:59,2017-10-22 17:31:27,今日も楽しかったです
18,2017-10-23 08:39:43,2017-10-23 17:40:32,今日も楽しかったです
18,2017-10-24 08:32:48,2017-10-24 18:19:22,今日も楽しかったです
18,2017-10-27 08:43:51,2017-10-27 17:01:18,今日も楽しかったです
18,2017-10-28 08:49:33,2017-10-28 17:02:27,今日も楽しかったです
18,2017-10-29 08:57:50,2017-10-29 17:45:52,今日も楽しかったです
18,2017-10-30 08:57:16,2017-10-30 18:39:28,今日も楽しかったです
18,2017-10-31 08:52:06,2017-10-31 18:09:43,今日も楽しかったです
18,2017-11-03 08:34:56,2017-11-03 18:42:40,今日も楽しかったです
18,2017-11-04 08:45:16,2017-11-04 18:47:17,今日も楽しかったです
18,2017-11-05 08:52:45,2017-11-05 18:07:16,今日も楽しかったです
18,2017-11-06 08:40:09,2017-11-06 17:47:12,今日も楽しかったです
18,2017-11-07 08:54:03,2017-11-07 18:10:01,今日も楽しかったです
19,2017-09-01 08:44:00,2017-09-01 18:03:35,今日も楽しかったです
19,2017-09-02 08:59:22,2017-09-02 18:18:41,今日も楽しかったです
19,2017-09-03 08:42:55,2017-09-03 17:22:19,今日も楽しかったです
19,2017-09-04 08:52:21,2017-09-04 18:17:09,今日も楽しかったです
19,2017-09-05 08:30:44,2017-09-05 17:35:07,今日も楽しかったです
19,2017-09-08 08:54:29,2017-09-08 18:05:23,今日も楽しかったです
19,2017-09-09 08:35:13,2017-09-09 17:00:52,今日も楽しかったです
19,2017-09-10 08:59:14,2017-09-10 17:22:09,今日も楽しかったです
19,2017-09-11 08:46:30,2017-09-11 18:14:13,今日も楽しかったです
19,2017-09-12 08:55:43,2017-09-12 17:01:32,今日も楽しかったです
19,2017-09-15 08:46:58,2017-09-15 18:36:33,今日も楽しかったです
19,2017-09-16 08:47:27,2017-09-16 18:50:21,今日も楽しかったです
19,2017-09-17 08:36:05,2017-09-17 18:12:01,今日も楽しかったです
19,2017-09-18 08:53:09,2017-09-18 17:23:34,今日も楽しかったです
19,2017-09-19 08:59:06,2017-09-19 17:53:43,今日も楽しかったです
19,2017-09-22 08:53:17,2017-09-22 18:38:59,今日も楽しかったです
19,2017-09-23 08:35:36,2017-09-23 17:00:44,今日も楽しかったです
19,2017-09-24 08:50:37,2017-09-24 17:09:57,今日も楽しかったです
19,2017-09-25 08:51:02,2017-09-25 18:56:15,今日も楽しかったです
19,2017-09-26 08:30:26,2017-09-26 17:06:06,今日も楽しかったです
19,2017-09-29 08:32:19,2017-09-29 17:00:16,今日も楽しかったです
19,2017-09-30 08:52:45,2017-09-30 18:57:29,今日も楽しかったです
19,2017-10-01 08:38:59,2017-10-01 17:07:04,今日も楽しかったです
19,2017-10-02 08:58:55,2017-10-02 18:16:02,今日も楽しかったです
19,2017-10-03 08:30:18,2017-10-03 18:29:02,今日も楽しかったです
19,2017-10-06 08:52:25,2017-10-06 18:21:06,今日も楽しかったです
19,2017-10-07 08:41:14,2017-10-07 17:12:12,今日も楽しかったです
19,2017-10-08 08:36:33,2017-10-08 18:42:27,今日も楽しかったです
19,2017-10-09 08:51:22,2017-10-09 17:27:31,今日も楽しかったです
19,2017-10-10 08:50:27,2017-10-10 17:33:23,今日も楽しかったです
19,2017-10-13 08:34:18,2017-10-13 17:33:51,今日も楽しかったです
19,2017-10-14 08:59:28,2017-10-14 17:41:25,今日も楽しかったです
19,2017-10-15 08:49:18,2017-10-15 17:14:16,今日も楽しかったです
19,2017-10-16 08:57:25,2017-10-16 18:51:13,今日も楽しかったです
19,2017-10-17 08:31:23,2017-10-17 18:06:38,今日も楽しかったです
19,2017-10-20 08:34:05,2017-10-20 17:35:32,今日も楽しかったです
19,2017-10-21 08:52:23,2017-10-21 17:43:21,今日も楽しかったです
19,2017-10-22 08:34:03,2017-10-22 18:45:41,今日も楽しかったです
19,2017-10-23 08:32:04,2017-10-23 18:01:00,今日も楽しかったです
19,2017-10-24 08:42:16,2017-10-24 17:41:19,今日も楽しかったです
19,2017-10-27 08:46:34,2017-10-27 18:42:33,今日も楽しかったです
19,2017-10-28 08:35:04,2017-10-28 18:22:13,今日も楽しかったです
19,2017-10-29 08:49:16,2017-10-29 17:48:24,今日も楽しかったです
19,2017-10-30 08:46:55,2017-10-30 17:01:20,今日も楽しかったです
19,2017-10-31 08:49:58,2017-10-31 18:01:21,今日も楽しかったです
19,2017-11-03 08:48:23,2017-11-03 17:47:44,今日も楽しかったです
19,2017-11-04 08:37:50,2017-11-04 18:52:09,今日も楽しかったです
19,2017-11-05 08:54:26,2017-11-05 18:33:00,今日も楽しかったです
19,2017-11-06 08:55:46,2017-11-06 17:48:17,今日も楽しかったです
19,2017-11-07 08:49:02,2017-11-07 17:11:20,今日も楽しかったです
20,2017-09-01 08:35:46,2017-09-01 17:58:16,今日も楽しかったです
20,2017-09-02 08:57:07,2017-09-02 17:15:26,今日も楽しかったです
20,2017-09-03 08:38:53,2017-09-03 18:46:26,今日も楽しかったです
20,2017-09-04 08:45:01,2017-09-04 17:15:23,今日も楽しかったです
20,2017-09-05 08:56:58,2017-09-05 18:50:46,今日も楽しかったです
20,2017-09-08 08:45:53,2017-09-08 17:26:21,今日も楽しかったです
20,2017-09-09 08:49:06,2017-09-09 18:46:45,今日も楽しかったです
20,2017-09-10 08:49:23,2017-09-10 18:43:43,今日も楽しかったです
20,2017-09-11 08:32:06,2017-09-11 17:25:00,今日も楽しかったです
20,2017-09-12 08:32:15,2017-09-12 18:50:45,今日も楽しかったです
20,2017-09-15 08:30:31,2017-09-15 18:27:55,今日も楽しかったです
20,2017-09-16 08:40:39,2017-09-16 18:43:34,今日も楽しかったです
20,2017-09-17 08:41:15,2017-09-17 17:44:01,今日も楽しかったです
20,2017-09-18 08:54:37,2017-09-18 17:52:51,今日も楽しかったです
20,2017-09-19 08:35:13,2017-09-19 17:22:27,今日も楽しかったです
20,2017-09-22 08:40:57,2017-09-22 18:28:05,今日も楽しかったです
20,2017-09-23 08:39:48,2017-09-23 18:11:39,今日も楽しかったです
20,2017-09-24 08:32:28,2017-09-24 18:33:14,今日も楽しかったです
20,2017-09-25 08:36:02,2017-09-25 18:17:51,今日も楽しかったです
20,2017-09-26 08:59:02,2017-09-26 17:15:58,今日も楽しかったです
20,2017-09-29 08:56:17,2017-09-29 18:06:45,今日も楽しかったです
20,2017-09-30 08:59:22,2017-09-30 18:22:53,今日も楽しかったです
20,2017-10-01 08:51:16,2017-10-01 18:12:32,今日も楽しかったです
20,2017-10-02 08:42:30,2017-10-02 18:15:12,今日も楽しかったです
20,2017-10-03 08:48:49,2017-10-03 17:12:38,今日も楽しかったです
20,2017-10-06 08:52:26,2017-10-06 18:55:35,今日も楽しかったです
20,2017-10-07 08:41:11,2017-10-07 18:34:58,今日も楽しかったです
20,2017-10-08 08:51:22,2017-10-08 17:47:22,今日も楽しかったです
20,2017-10-09 08:53:48,2017-10-09 17:06:15,今日も楽しかったです
20,2017-10-10 08:54:38,2017-10-10 17:10:52,今日も楽しかったです
20,2017-10-13 08:34:13,2017-10-13 18:26:09,今日も楽しかったです
20,2017-10-14 08:32:14,2017-10-14 18:59:23,今日も楽しかったです
20,2017-10-15 08:38:16,2017-10-15 18:20:55,今日も楽しかったです
20,2017-10-16 08:32:56,2017-10-16 18:28:45,今日も楽しかったです
20,2017-10-17 08:47:48,2017-10-17 17:53:56,今日も楽しかったです
20,2017-10-20 08:50:24,2017-10-20 18:19:20,今日も楽しかったです
20,2017-10-21 08:44:51,2017-10-21 17:07:13,今日も楽しかったです
20,2017-10-22 08:32:48,2017-10-22 18:08:21,今日も楽しかったです
20,2017-10-23 08:36:22,2017-10-23 18:38:51,今日も楽しかったです
20,2017-10-24 08:44:04,2017-10-24 18:43:06,今日も楽しかったです
20,2017-10-27 08:55:30,2017-10-27 18:05:55,今日も楽しかったです
20,2017-10-28 08:57:38,2017-10-28 17:31:43,今日も楽しかったです
20,2017-10-29 08:47:02,2017-10-29 18:00:18,今日も楽しかったです
20,2017-10-30 08:32:53,2017-10-30 17:08:36,今日も楽しかったです
20,2017-10-31 08:58:13,2017-10-31 18:37:25,今日も楽しかったです
20,2017-11-03 08:38:46,2017-11-03 18:45:07,今日も楽しかったです
20,2017-11-04 08:49:55,2017-11-04 18:02:45,今日も楽しかったです
20,2017-11-05 08:40:11,2017-11-05 17:04:16,今日も楽しかったです
20,2017-11-06 08:57:43,2017-11-06 17:41:46,今日も楽しかったです
20,2017-11-07 08:59:12,2017-11-07 18:38:55,今日も楽しかったです